City_ID,City,Country,Lat,Lng,Max Temp,Humidity,Cloudiness,Wind Speed,Description
0,Nioro,GM,13.35,-15.75,75.52,47,99,3.87,overcast clouds
1,Kapaa,US,22.0752,-159.319,82.38,75,90,1.99,overcast clouds
2,Puerto Ayora,EC,-0.7393,-90.3518,68.38,75,35,8.34,scattered clouds
3,Cape Town,ZA,-33.9258,18.4232,63.1,65,0,20.71,clear sky
4,Rikitea,PF,-23.1203,-134.9692,75.81,72,0,10.65,clear sky
5,Labuhan,ID,-6.8844,112.2051,83.17,70,99,4.74,light rain
6,Lebu,CL,-37.6167,-73.65,54.93,84,0,20.31,clear sky
7,Yellowknife,CA,62.456,-114.3525,-7.58,73,20,1.99,few clouds
8,Harlingen,US,26.1906,-97.6961,65.89,88,1,0.0,clear sky
9,Rio Grande,BR,-32.035,-52.0986,73.09,66,92,5.41,overcast clouds
10,Carnarvon,AU,-24.8667,113.6333,78.87,36,0,13.8,clear sky
11,Opuwo,NA,-18.0607,13.84,65.16,29,0,4.36,clear sky
12,Kodiak,US,57.79,-152.4072,18.91,49,1,11.5,clear sky
13,Hilo,US,19.7297,-155.09,84.27,96,90,0.0,moderate rain
14,Butaritari,KI,3.0707,172.7902,81.95,77,22,11.56,light rain
15,Katsuura,JP,35.1333,140.3,64.18,80,96,14.83,overcast clouds
16,Harqalah,TN,36.0303,10.509,60.66,66,20,4.61,few clouds
17,Dikson,RU,73.5069,80.5464,-11.54,94,100,17.74,overcast clouds
18,Ribeira Grande,PT,38.5167,-28.7,65.89,85,27,19.6,scattered clouds
19,Albany,US,42.6001,-73.9662,33.37,73,13,1.99,few clouds
20,Ostersund,SE,63.1792,14.6357,34.25,93,20,12.66,few clouds
21,Sangar,RU,63.9242,127.4739,-26.72,94,42,1.05,scattered clouds
22,Taizhou,CN,32.4933,119.9106,42.35,38,100,6.31,overcast clouds
23,Tasiilaq,GL,65.6145,-37.6368,26.76,60,94,9.15,overcast clouds
24,Jamestown,US,42.097,-79.2353,33.39,66,90,5.01,light snow
25,Katobu,ID,-4.9408,122.5276,89.13,58,10,1.48,clear sky
26,Port Alfred,ZA,-33.5906,26.891,65.52,84,100,22.44,light rain
27,Kon Tum,VN,14.35,108.0,75.24,72,55,7.7,broken clouds
28,Mataura,NZ,-46.1927,168.8643,63.0,45,83,5.39,broken clouds
29,Nanortalik,GL,60.1432,-45.2371,21.99,76,5,15.73,clear sky
30,Salalah,OM,17.0151,54.0924,82.49,16,0,10.36,clear sky
31,Tiksi,RU,71.6872,128.8694,-22.18,97,53,7.92,broken clouds
32,San Luis,AR,-33.295,-66.3356,72.46,28,0,16.96,clear sky
33,Qaanaaq,GL,77.484,-69.3632,-6.36,85,98,5.3,overcast clouds
34,San Patricio,US,28.017,-97.5169,67.84,48,100,7.83,overcast clouds
35,Namtsy,RU,62.7161,129.6658,-32.69,93,100,1.41,overcast clouds
36,Vaini,TO,-21.2,-175.2,82.56,78,20,9.22,few clouds
37,Hobyo,SO,5.3505,48.5268,78.57,72,75,8.63,broken clouds
38,Hobart,AU,-42.8794,147.3294,73.26,55,75,1.99,broken clouds
39,Georgetown,MY,5.4112,100.3354,84.13,83,20,3.44,few clouds
40,Chunskiy,RU,56.0815,99.6342,19.63,88,100,2.62,overcast clouds
41,Vestmannaeyjar,IS,63.4427,-20.2734,41.94,84,100,15.64,moderate rain
42,Arraial Do Cabo,BR,-22.9661,-42.0278,70.03,72,10,15.7,clear sky
43,Eureka,US,40.8021,-124.1637,50.25,72,0,1.72,clear sky
44,Busselton,AU,-33.65,115.3333,67.05,43,0,0.22,clear sky
45,Bambous Virieux,MU,-20.3428,57.7575,72.21,94,40,3.44,scattered clouds
46,Thompson,CA,55.7435,-97.8558,-2.04,71,75,4.61,broken clouds
47,Acajutla,SV,13.5928,-89.8275,79.38,73,99,4.23,overcast clouds
48,Bethel,US,41.3712,-73.414,39.04,59,1,1.01,clear sky
49,Pierre,US,44.3683,-100.351,40.28,62,1,1.01,clear sky
50,Deputatskiy,RU,69.3,139.9,-21.28,95,87,5.19,overcast clouds
51,Port Elizabeth,ZA,-33.918,25.5701,62.89,88,90,13.8,overcast clouds
52,Diamantino,BR,-14.4086,-56.4461,74.52,90,99,4.07,overcast clouds
53,Mahibadhoo,MV,3.7833,72.9667,81.59,73,98,17.56,overcast clouds
54,Talnakh,RU,69.4865,88.3972,5.99,91,100,8.57,overcast clouds
55,Eskisehir,TR,39.7767,30.5206,31.87,93,2,2.3,clear sky
56,Coquimbo,CL,-29.9533,-71.3436,58.73,82,90,6.91,overcast clouds
57,Upernavik,GL,72.7868,-56.1549,2.53,88,7,6.24,clear sky
58,Saint-Philippe,RE,-21.3585,55.7679,73.22,75,24,8.39,few clouds
59,Ozieri,IT,40.586,9.0012,52.92,93,74,0.2,broken clouds
60,Maragogi,BR,-9.0122,-35.2225,78.06,77,66,7.56,broken clouds
61,Nyurba,RU,63.2842,118.3319,-27.74,99,13,1.97,few clouds
62,Manggar,ID,-2.8833,108.2667,84.33,70,100,4.47,overcast clouds
63,Flinders,AU,-34.5833,150.8552,74.17,69,100,3.0,overcast clouds
64,Montague,US,42.5356,-72.5351,36.64,71,71,1.99,broken clouds
65,Punta Arenas,CL,-53.15,-70.9167,41.11,60,75,2.3,broken clouds
66,Tuatapere,NZ,-46.1333,167.6833,58.3,60,53,7.49,broken clouds
67,Niceville,US,30.5169,-86.4822,59.92,71,1,10.0,clear sky
68,Houston,US,29.7633,-95.3633,62.64,57,40,6.91,scattered clouds
69,Dicabisagan,PH,17.0818,122.4157,81.01,81,33,9.19,scattered clouds
70,Yulara,AU,-25.2406,130.9889,76.84,61,100,4.61,overcast clouds
71,Avarua,CK,-21.2078,-159.775,78.85,69,75,5.75,broken clouds
72,Wucheng,CN,29.6008,118.175,46.92,40,12,1.95,few clouds
73,Tonekabon,IR,36.8163,50.8738,49.95,73,15,2.19,few clouds
74,Kloulklubed,PW,7.0419,134.2556,88.3,76,81,13.85,broken clouds
75,Atuona,PF,-9.8,-139.0333,77.29,77,100,8.66,light rain
76,Port Hawkesbury,CA,45.6169,-61.3485,55.9,94,90,13.0,mist
77,Richards Bay,ZA,-28.783,32.0377,69.87,91,100,12.48,light rain
78,Padang,ID,-0.9492,100.3543,84.25,70,100,0.67,overcast clouds
79,Cabo San Lucas,MX,22.8909,-109.9124,76.3,76,1,3.44,clear sky
80,Gravdal,NO,68.1214,13.5031,39.74,73,100,25.52,overcast clouds
81,Fortuna,US,40.5982,-124.1573,49.98,71,1,0.0,clear sky
82,Atar,MR,20.5169,-13.0499,77.79,41,100,9.62,overcast clouds
83,Esso,RU,55.9333,158.7,21.92,95,77,5.57,broken clouds
84,Ushuaia,AR,-54.8,-68.3,38.86,70,75,17.27,broken clouds
85,Marang,MY,5.2056,103.2059,78.71,79,100,3.58,overcast clouds
86,Bluff,NZ,-46.6,168.3333,55.6,68,45,12.28,scattered clouds
87,Mar Del Plata,AR,-38.0023,-57.5575,57.22,68,0,1.99,clear sky
88,Atambua,ID,-9.1061,124.8925,85.53,60,83,3.15,broken clouds
89,Pevek,RU,69.7008,170.3133,-19.14,97,19,2.89,few clouds
90,Paamiut,GL,61.994,-49.6678,12.58,79,1,7.96,clear sky
91,Kalanguy,RU,51.0167,116.5167,1.69,79,5,3.94,clear sky
92,New Norfolk,AU,-42.7826,147.0587,72.91,43,100,1.99,overcast clouds
93,Esperance,AU,-33.8667,121.9,60.64,71,100,16.91,overcast clouds
94,Moscow,RU,55.7522,37.6156,23.38,82,19,6.55,few clouds
95,Tura,IN,25.5198,90.2201,67.5,66,0,1.83,clear sky
96,Dawson Creek,CA,55.7666,-120.2362,11.55,77,96,13.06,overcast clouds
97,Barrow,US,71.2906,-156.7887,-5.78,77,20,3.44,few clouds
98,Leningradskiy,RU,69.3833,178.4167,-15.74,91,32,4.5,scattered clouds
99,Vila Velha,BR,-20.3297,-40.2925,69.75,89,75,4.61,broken clouds
100,Zhuanghe,CN,39.7008,122.9911,31.73,34,0,17.74,clear sky
101,Iqaluit,CA,63.7506,-68.5145,28.13,74,90,13.0,overcast clouds
102,Kayanza,BI,-3.0667,29.6667,56.98,89,88,0.94,overcast clouds
103,Makakilo City,US,21.3469,-158.0858,80.92,71,90,6.91,overcast clouds
104,Cape Coast,GH,5.1053,-1.2466,80.26,80,22,3.96,few clouds
105,Bukachacha,RU,52.9833,116.9167,2.14,70,3,4.47,clear sky
106,Talcahuano,CL,-36.7167,-73.1167,60.48,72,0,8.05,clear sky
107,Lesnoye,RU,58.2841,35.5158,18.72,96,74,5.1,broken clouds
108,Faanui,PF,-16.4833,-151.75,81.28,73,100,7.18,light rain
109,Funtua,NG,11.5233,7.3081,70.84,28,9,6.02,clear sky
110,Grand Gaube,MU,-20.0064,57.6608,72.37,74,0,5.99,clear sky
111,Ilulissat,GL,69.2167,-51.1,15.82,73,20,11.5,few clouds
112,Harper,LR,4.375,-7.7169,78.53,83,4,4.63,clear sky
113,Nikolskoye,RU,59.7035,30.7861,26.8,94,100,5.01,overcast clouds
114,Uporovo,RU,56.3109,66.2693,18.84,91,45,11.3,scattered clouds
115,Mogadishu,SO,2.0371,45.3438,79.07,77,58,9.82,broken clouds
116,Abha,SA,18.2164,42.5053,53.42,66,0,0.0,clear sky
117,Torbay,CA,47.6666,-52.7314,38.26,86,20,12.66,few clouds
118,Lompoc,US,34.6391,-120.4579,72.12,46,1,0.0,clear sky
119,Gornopravdinsk,RU,60.05,69.9,19.22,94,100,7.94,light snow
120,Saint George,US,37.1041,-113.5841,54.95,29,1,3.0,clear sky
121,Gubkinskiy,RU,64.434,76.5026,14.85,96,100,9.01,overcast clouds
122,Mahebourg,MU,-20.4081,57.7,72.25,94,40,3.44,scattered clouds
123,Karasjok,NO,69.4719,25.5112,10.51,92,100,3.49,overcast clouds
124,Tuktoyaktuk,CA,69.4541,-133.0374,-7.6,84,20,9.22,few clouds
125,Castro,BR,-24.7911,-50.0119,62.24,60,5,2.51,clear sky
126,Zyryanka,RU,65.75,150.85,-22.68,98,100,4.9,overcast clouds
127,Sao Gabriel Da Cachoeira,BR,-0.1303,-67.0892,73.17,98,99,0.72,overcast clouds
128,Namibe,AO,-15.1961,12.1522,68.92,77,31,4.23,scattered clouds
129,Pacifica,US,37.6138,-122.4869,62.69,70,20,1.01,few clouds
130,Port Lincoln,AU,-34.7333,135.8667,64.74,74,100,12.19,overcast clouds
131,Tatawin,TN,32.9297,10.4518,59.88,55,47,4.99,scattered clouds
132,Pringsewu,ID,-5.3582,104.9744,82.04,73,100,5.3,overcast clouds
133,Lata,PT,40.1629,-8.3327,45.81,80,1,3.06,clear sky
134,Hami,CN,42.8,93.45,28.89,47,78,3.78,broken clouds
135,Agadez,NE,19.75,10.25,71.02,23,0,9.37,clear sky
136,Khatanga,RU,71.9667,102.5,-2.72,78,98,21.94,overcast clouds
137,Chokurdakh,RU,70.6333,147.9167,-13.14,99,100,5.21,overcast clouds
138,Dasoguz,TM,41.8363,59.9666,37.35,75,53,6.91,broken clouds
139,Thinadhoo,MV,0.5333,72.9333,82.04,76,100,19.71,moderate rain
140,Severo-Kurilsk,RU,50.6789,156.125,37.71,82,95,15.01,overcast clouds
141,Bubaque,GW,11.2833,-15.8333,82.24,78,6,10.09,clear sky
142,Pestovo,RU,58.5938,35.8024,17.46,96,64,3.98,broken clouds
143,Jitra,MY,6.2681,100.4217,82.29,83,20,1.99,few clouds
144,Gusinoye Ozero,RU,51.1144,106.2614,9.43,81,97,2.86,overcast clouds
145,Hamilton,US,39.1834,-84.5333,31.98,68,1,6.91,clear sky
146,Olga,RU,43.7444,135.2892,24.67,48,38,16.06,scattered clouds
147,Suntar,RU,62.1444,117.6319,-14.84,96,41,2.66,scattered clouds
148,Sola,VU,-13.8833,167.55,82.72,75,24,13.22,few clouds
149,Tutoia,BR,-2.7619,-42.2744,79.93,83,83,10.04,broken clouds
150,Bredasdorp,ZA,-34.5322,20.0403,52.29,78,30,3.76,scattered clouds
151,Fairbanks,US,64.8378,-147.7164,2.1,61,90,16.11,light snow
152,Luderitz,NA,-26.6481,15.1594,59.23,86,5,13.53,clear sky
153,Longyearbyen,SJ,78.2186,15.6401,3.04,72,20,10.36,few clouds
154,Lang Son,VN,21.8333,106.7333,53.89,67,100,7.99,overcast clouds
155,Tynda,RU,55.1667,124.7167,1.94,72,100,7.07,overcast clouds
156,Leh,IN,34.1667,77.5833,13.06,52,0,3.74,clear sky
157,Muros,ES,42.7762,-9.0603,54.84,78,55,18.5,broken clouds
158,Sioux Lookout,CA,50.1001,-91.917,15.87,79,75,3.44,light snow
159,Sistranda,NO,63.7256,8.834,42.91,71,100,31.45,light rain
160,Yendi,GH,9.4427,-0.0099,76.06,33,24,1.54,few clouds
161,Teya,RU,60.3778,92.6267,28.08,90,97,12.26,overcast clouds
162,Dezful,IR,32.3811,48.4058,64.04,74,0,2.98,clear sky
163,Sur,OM,22.5667,59.5289,76.35,48,88,10.38,overcast clouds
164,Matagalpa,NI,12.9256,-85.9175,65.19,88,84,4.52,broken clouds
165,Tete,MZ,-16.1564,33.5867,84.29,65,0,6.91,clear sky
166,Zhigansk,RU,66.7697,123.3711,-19.71,96,100,9.04,overcast clouds
167,Coos Bay,US,43.3665,-124.2179,51.93,94,90,5.75,overcast clouds
168,Lipno,PL,52.8444,19.1785,33.1,85,10,11.43,clear sky
169,Campo Verde,BR,-20.4167,-54.0667,74.41,53,17,1.43,few clouds
170,Lavrentiya,RU,65.5833,-171.0,-1.37,92,10,9.62,clear sky
171,Pingliang,CN,35.5392,106.6861,43.92,22,0,1.61,clear sky
172,Harare,ZW,-17.8294,31.0539,64.44,86,100,4.68,moderate rain
173,Maputo,MZ,-25.9653,32.5892,71.28,92,75,4.61,light rain
174,Kuytun,RU,54.3419,101.5036,16.75,88,100,2.08,overcast clouds
175,Poum,NC,-20.2333,164.0167,78.4,72,100,1.81,overcast clouds
176,Soroti,UG,1.7146,33.6111,64.89,63,100,1.28,overcast clouds
177,Camacha,PT,33.0833,-16.3333,65.62,77,20,8.05,few clouds
178,Batouri,CM,4.4333,14.3667,68.63,89,29,2.06,scattered clouds
179,Follonica,IT,42.9263,10.7616,62.02,67,100,14.79,overcast clouds
180,Ostrovnoy,RU,68.0531,39.5131,23.86,88,56,2.57,broken clouds
181,Cidreira,BR,-30.1811,-50.2056,69.82,78,11,9.64,few clouds
182,Tabira,BR,-7.5908,-37.5394,73.44,73,58,10.42,broken clouds
183,Sassandra,CI,4.95,-6.0833,76.46,87,7,1.88,clear sky
184,Khanpur,PK,28.6453,70.6567,67.03,13,0,7.67,clear sky
185,Sao Filipe,CV,14.8961,-24.4956,80.67,61,0,8.68,clear sky
186,Oak Ridge,US,36.0104,-84.2696,38.32,64,1,8.05,clear sky
187,Sarangani,PH,5.4033,125.4636,83.66,77,100,21.85,overcast clouds
188,Naze,JP,28.3667,129.4833,63.52,64,80,14.18,broken clouds
189,Quatre Cocos,MU,-20.2078,57.7625,72.09,69,1,8.68,clear sky
190,Pimentel,PE,-6.8367,-79.9342,65.61,81,80,10.71,broken clouds
191,Makat,KZ,47.6469,53.3463,44.22,92,100,10.13,overcast clouds
192,Morgan City,US,29.6994,-91.2068,57.2,67,1,10.36,clear sky
193,Taureni,RO,46.2667,25.25,46.33,86,100,3.09,overcast clouds
194,Santa Cruz De La Palma,ES,28.6835,-17.7642,68.14,77,0,5.75,clear sky
195,Hithadhoo,MV,-0.6,73.0833,81.19,78,100,18.16,heavy intensity rain
196,Shimoda,JP,34.6667,138.95,61.16,57,1,28.3,clear sky
197,Umri,IN,26.5106,78.9367,66.92,28,0,5.17,clear sky
198,Vanimo,PG,-2.6741,141.3028,83.68,78,43,4.63,scattered clouds
199,Yar-Sale,RU,66.8333,70.8333,14.99,96,100,6.31,light snow
200,Kizukuri,JP,40.8061,140.3861,42.12,69,100,13.98,overcast clouds
201,Muromtsevo,RU,56.3724,75.2418,28.06,96,100,8.34,overcast clouds
202,Grafton,US,42.207,-71.6856,39.79,61,1,1.99,clear sky
203,Srednekolymsk,RU,67.45,153.6833,-30.23,99,75,4.54,broken clouds
204,Kantabanji,IN,20.4833,82.9167,77.16,73,6,0.38,clear sky
205,Qaqortoq,GL,60.7167,-46.0333,23.5,84,4,4.09,clear sky
206,Teguise,ES,29.0605,-13.564,62.82,82,0,1.14,clear sky
207,Churu,IN,28.3,74.95,67.55,17,0,5.75,clear sky
208,La Ronge,CA,55.1001,-105.2842,17.85,86,90,12.66,light shower snow
209,Moree,AU,-29.4667,149.85,84.22,48,40,13.8,scattered clouds
210,Vestmanna,FO,62.1564,-7.1664,45.52,93,90,19.57,overcast clouds
211,Sal Rei,CV,16.1833,-22.9167,75.76,80,9,18.52,clear sky
212,Saurimo,AO,-9.6608,20.3916,63.97,98,100,3.2,overcast clouds
213,Chuy,UY,-33.6971,-53.4616,64.9,64,8,16.42,clear sky
214,Balikpapan,ID,-1.2675,116.8289,85.19,74,20,4.61,few clouds
215,Port Blair,IN,11.6667,92.75,83.84,76,65,10.02,light rain
216,Opaka,BG,43.45,26.1667,41.25,75,95,2.71,overcast clouds
217,Lagoa,PT,39.05,-27.9833,64.85,86,45,19.55,scattered clouds
218,Cherskiy,RU,68.75,161.3,-32.35,100,27,2.73,scattered clouds
219,Banda Aceh,ID,5.5577,95.3222,82.9,72,94,7.67,overcast clouds
220,Sorada,IN,19.75,84.4333,79.54,79,10,1.43,clear sky
221,Paita,PE,-5.0892,-81.1144,65.16,83,34,6.04,scattered clouds
222,Plouzane,FR,48.3833,-4.6167,44.78,79,0,10.36,clear sky
223,Vila Franca Do Campo,PT,37.7167,-25.4333,68.2,88,91,14.88,overcast clouds
224,Olafsvik,IS,64.8945,-23.7142,40.55,61,61,18.48,light rain
225,Hofn,IS,64.2539,-15.2082,43.36,73,100,6.62,overcast clouds
226,Usinsk,RU,65.9939,57.5281,1.0,98,100,10.4,overcast clouds
227,Spalene Porici,CZ,49.6137,13.6056,32.52,80,7,1.14,clear sky
228,Hermanus,ZA,-34.4187,19.2345,52.81,80,15,9.04,few clouds
229,Bathsheba,BB,13.2167,-59.5167,79.41,78,40,11.5,scattered clouds
230,Urengoy,RU,65.9667,78.3667,16.72,95,100,11.12,light snow
231,Comodoro Rivadavia,AR,-45.8667,-67.5,53.46,37,0,8.05,clear sky
232,Palana,RU,59.1167,159.9667,21.38,70,63,9.35,broken clouds
233,Caravelas,BR,-17.7125,-39.2481,69.76,87,99,3.87,overcast clouds
234,Sao Joao Da Barra,BR,-21.6403,-41.0511,69.15,70,48,4.76,scattered clouds
235,Ghanzi,BW,-21.5667,21.7833,67.5,20,82,8.14,broken clouds
236,Trincomalee,LK,8.5711,81.2335,81.01,80,92,5.77,overcast clouds
237,Portland,US,45.5234,-122.6762,46.72,89,90,4.61,overcast clouds
238,Alofi,NU,-19.0595,-169.9187,85.89,58,98,10.36,overcast clouds
239,Taoudenni,ML,22.6783,-3.9836,78.55,37,100,8.12,overcast clouds
240,Kavieng,PG,-2.5744,150.7967,83.8,77,58,12.46,light rain
241,Andros Town,BS,24.7,-77.7667,75.16,75,2,12.93,clear sky
242,Cockburn Town,TC,21.4612,-71.1419,81.1,76,4,12.19,clear sky
243,Ivanava,BY,52.1451,25.5365,31.15,79,41,4.92,scattered clouds
244,Dakar,SN,14.6937,-17.4441,74.28,60,47,5.75,scattered clouds
245,Aklavik,CA,68.2191,-135.0107,-13.97,95,100,7.23,overcast clouds
246,Guerrero Negro,MX,27.9769,-114.0611,70.21,51,100,7.29,overcast clouds
247,Kant,IN,27.8,79.8,63.27,32,0,4.65,clear sky
248,Voh,NC,-20.9667,164.7,85.77,58,100,7.25,light rain
249,Abnub,EG,27.2696,31.1511,53.82,64,0,4.09,clear sky
250,Florence,IT,43.7667,11.25,56.88,77,75,5.75,broken clouds
251,Faya,SA,18.3851,42.4509,53.71,71,11,1.39,few clouds
252,Srednebelaya,RU,50.6594,128.0106,12.58,94,100,20.54,light snow
253,Bandarbeyla,SO,9.4942,50.8122,76.55,68,82,9.26,broken clouds
254,Acarau,BR,-2.8856,-40.12,80.31,82,100,13.94,overcast clouds
255,Alta Floresta,BR,-9.8756,-56.0861,70.99,97,100,2.44,moderate rain
256,Krasnoselkup,RU,65.7,82.4667,18.79,95,98,15.3,light snow
257,Carutapera,BR,-1.195,-46.02,78.73,80,17,5.48,few clouds
258,La Palma,US,33.8464,-118.0467,77.7,32,1,1.01,clear sky
259,Araouane,ML,18.9048,-3.5265,75.76,31,98,7.81,overcast clouds
260,Tocopilla,CL,-22.092,-70.1979,63.54,70,52,1.52,broken clouds
261,Margate,GB,51.3813,1.3862,46.69,81,73,1.99,broken clouds
262,Chilca,PE,-12.5211,-76.7372,66.61,85,100,6.2,overcast clouds
263,Port Hedland,AU,-20.3167,118.5667,91.45,46,62,10.36,broken clouds
264,Yerbogachen,RU,61.2767,108.0108,-3.75,82,47,8.97,scattered clouds
265,Lithgow,AU,-33.4833,150.15,60.67,67,96,6.73,overcast clouds
266,Geraldton,AU,-28.7667,114.6,76.12,43,0,12.66,clear sky
267,Kruisfontein,ZA,-34.0033,24.7314,59.88,84,100,10.45,overcast clouds
268,Porto Velho,BR,-8.7619,-63.9039,77.05,94,40,0.0,scattered clouds
269,Bayonet Point,US,28.3267,-82.6834,69.8,83,100,5.99,overcast clouds
270,Narsaq,GL,60.9167,-46.05,23.22,75,2,6.91,clear sky
271,Xingcheng,CN,40.6167,120.7167,34.39,25,0,12.33,clear sky
272,Dunedin,NZ,-45.8742,170.5036,55.42,63,6,5.77,clear sky
273,Sulangan,PH,11.1373,123.7228,84.2,74,78,12.08,broken clouds
274,Tupiza,BO,-21.45,-65.7167,53.22,81,100,0.87,overcast clouds
275,East London,ZA,-33.0153,27.9116,65.73,87,100,17.98,light rain
276,Werda,BW,-25.2667,23.2833,62.44,29,0,6.8,clear sky
277,Hasaki,JP,35.7333,140.8333,59.29,71,100,14.45,overcast clouds
278,Coahuayana,MX,18.7333,-103.6833,80.08,89,81,2.59,broken clouds
279,Dickson,US,36.077,-87.3878,35.13,64,20,0.0,few clouds
280,Arlit,NE,18.7369,7.3853,71.1,20,0,1.74,clear sky
281,Kuching,MY,1.55,110.3333,84.42,74,40,4.61,scattered clouds
282,Zanesville,US,39.9404,-82.0132,32.65,75,4,1.01,clear sky
283,Souillac,MU,-20.5167,57.5167,72.36,94,40,3.44,scattered clouds
284,Bellevue,US,47.6104,-122.2007,47.62,92,90,5.01,overcast clouds
285,Ilebo,CD,-4.3167,20.5833,68.95,98,100,1.19,light rain
286,Cururupu,BR,-1.8283,-44.8683,75.51,89,77,2.66,broken clouds
287,Constitucion,CL,-35.3333,-72.4167,61.43,58,0,9.6,clear sky
288,Sakakah,SA,29.9697,40.2064,51.37,65,0,2.53,clear sky
289,West Bay,KY,19.3667,-81.4167,80.67,79,20,2.3,few clouds
290,Nelson Bay,AU,-32.7167,152.15,75.76,83,89,4.0,overcast clouds
291,Tautira,PF,-17.7333,-149.15,84.22,78,84,12.8,light rain
292,Ler,SS,8.3018,30.1418,71.6,27,93,6.06,overcast clouds
293,Kangaatsiaq,GL,68.3065,-53.4641,21.13,71,98,6.89,overcast clouds
294,Huarmey,PE,-10.0681,-78.1522,66.09,82,97,6.6,overcast clouds
295,Bengkulu,ID,-3.8004,102.2655,82.27,69,99,2.95,overcast clouds
296,Belaya Gora,RU,68.5333,146.4167,-17.9,99,100,4.56,overcast clouds
297,Ferme-Neuve,CA,46.7001,-75.4493,24.58,66,100,6.58,overcast clouds
298,Norman Wells,CA,65.282,-126.8329,-18.36,69,75,5.75,light snow
299,Santa Maria,BR,-29.6842,-53.8069,76.3,65,0,1.14,clear sky
300,Udachnyy,RU,66.4167,112.4,-33.57,100,89,6.44,overcast clouds
301,Shenjiamen,CN,29.9576,122.298,47.41,48,26,18.95,scattered clouds
302,Ceska Skalice,CZ,50.3947,16.0428,35.02,84,11,0.36,few clouds
303,Saskylakh,RU,71.9167,114.0833,-24.83,98,12,8.57,few clouds
304,Marrakesh,MA,31.6315,-8.0083,57.27,67,75,8.05,broken clouds
305,Abu Samrah,SY,35.3029,37.1841,53.74,69,0,1.25,clear sky
306,Mwene-Ditu,CD,-7.0,23.45,64.13,96,100,2.84,overcast clouds
307,Batagay,RU,67.6333,134.6333,-28.44,99,22,3.15,few clouds
308,Sitka,US,57.0531,-135.33,37.29,87,90,8.05,mist
309,Khani,GE,41.9563,42.9566,29.77,58,5,5.82,clear sky
310,Nouadhibou,MR,20.931,-17.0347,71.58,68,0,9.22,clear sky
311,Ancud,CL,-41.8697,-73.8203,51.42,90,13,5.57,few clouds
312,Sabaudia,IT,41.3003,13.0282,57.9,94,100,14.56,overcast clouds
313,Isla Mujeres,MX,21.2311,-86.731,73.45,67,18,16.44,few clouds
314,Imeni Poliny Osipenko,RU,52.4201,136.4853,29.84,87,100,25.46,light snow
315,Uthal,PK,25.8072,66.6219,71.78,23,3,3.31,clear sky
316,Aranos,NA,-24.1333,19.1167,56.59,31,0,11.61,clear sky
317,Tabou,CI,4.423,-7.3528,78.26,83,5,3.31,clear sky
318,Korla,CN,41.7597,86.1469,29.84,54,8,1.97,clear sky
319,Clyde River,CA,70.4692,-68.5914,14.23,92,100,16.11,light snow
320,Dogondoutchi,NE,13.6393,4.0287,77.99,20,0,7.81,clear sky
321,Pangoa,PE,-12.1167,-73.0,68.95,99,99,2.08,overcast clouds
322,Halifax,CA,44.6453,-63.5724,55.29,95,100,11.01,overcast clouds
323,Uinskoye,RU,56.8817,56.5813,21.47,90,94,12.44,overcast clouds
324,Malchevskaya,RU,49.0552,40.3625,35.55,89,100,4.43,overcast clouds
325,Kirkwood,US,38.5834,-90.4068,32.95,59,1,4.61,clear sky
326,Stromness,GB,58.965,-3.296,46.87,87,100,11.01,overcast clouds
327,Ateptsevo,RU,55.3236,36.75,23.13,93,58,4.16,broken clouds
328,Mana,GF,5.6592,-53.7767,77.18,91,84,7.11,broken clouds
329,Poya,NC,-21.35,165.15,84.06,63,100,8.3,overcast clouds
330,Okhotsk,RU,59.3833,143.3,7.5,88,44,14.0,scattered clouds
331,Sibolga,ID,1.7427,98.7792,84.47,65,100,3.24,overcast clouds
332,Tres Lagoas,BR,-20.7511,-51.6783,74.91,51,13,1.95,few clouds
333,Victoria,HK,22.2855,114.1577,62.19,77,100,1.01,overcast clouds
334,Weihe,CN,32.9952,105.3247,48.22,37,15,1.54,few clouds
335,Yurga,RU,55.7231,84.8861,27.32,88,98,17.13,overcast clouds
336,Ahipara,NZ,-35.1667,173.1667,67.28,65,15,11.72,few clouds
337,Mareeba,AU,-17.0,145.4333,96.44,39,5,4.99,clear sky
338,Palamos,ES,41.8484,3.1291,55.31,49,100,8.99,overcast clouds
339,Wellin,BE,50.0813,5.1141,34.48,92,5,4.27,clear sky
340,Sorland,NO,67.667,12.6934,41.25,68,100,28.32,overcast clouds
341,Shelburne,CA,44.0787,-80.2041,27.05,97,38,11.99,light snow
342,Mnogovershinnyy,RU,53.9353,139.9242,27.39,96,100,28.95,light snow
343,Taywarah,AF,33.35,64.4167,33.91,53,8,1.79,clear sky
344,Bedele,ET,8.456,36.353,49.59,65,96,1.68,overcast clouds
345,Karaton,ID,-6.3424,106.1045,80.89,96,100,5.55,light rain
346,Llanes,ES,43.4198,-4.7549,53.89,83,100,18.32,overcast clouds
347,Gimli,CA,50.6336,-96.9907,21.22,68,88,14.97,overcast clouds
348,Samarai,PG,-10.6167,150.6667,85.89,70,18,15.46,few clouds
349,Petropavlovsk-Kamchatskiy,RU,53.0452,158.6483,36.19,48,0,2.24,clear sky
350,Muroto,JP,33.2833,134.15,55.44,53,3,17.22,clear sky
351,Vardo,NO,70.3705,31.1107,29.43,48,100,19.17,overcast clouds
352,Kaitangata,NZ,-46.2817,169.8464,56.93,59,68,6.35,broken clouds
353,Batagay-Alyta,RU,67.8006,130.4114,-26.3,98,30,3.69,scattered clouds
354,Umm Lajj,SA,25.0213,37.2685,70.52,45,3,15.86,clear sky
355,Novikovo,RU,51.1537,37.8879,29.95,80,100,5.06,overcast clouds
356,Iskateley,RU,67.6803,53.1512,13.21,97,91,7.58,overcast clouds
357,Rocha,UY,-34.4833,-54.3333,61.59,69,28,17.13,scattered clouds
358,Saint-Pierre,RE,-21.3393,55.4781,74.28,62,0,3.44,clear sky
359,Salta,AR,-24.7859,-65.4117,82.69,53,75,5.75,broken clouds
360,Skjervoy,NO,70.0311,20.9714,26.47,92,100,17.25,light snow
361,Kazachka,RU,53.3644,38.0694,23.13,84,88,6.26,overcast clouds
362,Pangnirtung,CA,66.1451,-65.7125,22.21,76,100,15.5,overcast clouds
363,Hammerfest,NO,70.6634,23.6821,28.85,69,75,5.75,broken clouds
364,Matara,LK,5.9485,80.5353,82.13,75,85,3.65,overcast clouds
365,Marica,BR,-22.9194,-42.8186,69.71,83,4,9.31,clear sky
366,Moron,AR,-34.6534,-58.6198,70.0,42,93,10.0,overcast clouds
367,Pacific Grove,US,36.6177,-121.9166,64.08,46,1,1.99,clear sky
368,Havelock,US,34.8791,-76.9013,50.94,92,85,1.99,overcast clouds
369,Kumaliskis,PH,10.5487,123.2197,79.66,75,94,8.23,overcast clouds
370,Kouroussa,GN,10.65,-9.8833,70.32,34,34,1.54,scattered clouds
371,Kabugao,PH,18.0217,121.1842,78.17,87,85,4.36,overcast clouds
372,Bolotnoye,RU,55.6717,84.3981,26.46,90,100,17.25,overcast clouds
373,Airai,TL,-8.9266,125.4092,77.36,50,86,1.66,overcast clouds
374,Meulaboh,ID,4.1363,96.1285,78.64,83,100,2.42,overcast clouds
375,Camacupa,AO,-12.0167,17.4833,61.75,94,100,2.24,overcast clouds
376,Legnago,IT,45.1832,11.3091,52.75,76,98,10.98,overcast clouds
377,San Andres,CO,12.5847,-81.7006,82.42,78,75,9.22,broken clouds
378,Kotri,PK,25.366,68.3122,72.46,15,2,7.47,clear sky
379,Isangel,VU,-19.55,169.2667,86.11,74,75,9.22,broken clouds
380,Viedma,AR,-40.8135,-62.9967,50.68,65,8,7.43,clear sky
381,Keetmanshoop,NA,-26.5833,18.1333,55.8,72,0,8.16,clear sky
382,Provideniya,RU,64.3833,-173.3,10.51,61,20,20.13,few clouds
383,Santa Vitoria,BR,-18.8386,-50.1214,76.33,77,96,2.35,overcast clouds
384,Brookings,US,44.3114,-96.7984,32.34,72,1,5.75,clear sky
385,Waingapu,ID,-9.6567,120.2641,87.84,59,98,6.42,overcast clouds
386,Avera,US,33.194,-82.5271,52.68,48,15,12.08,few clouds
387,Zhezkazgan,KZ,47.8043,67.7144,34.3,90,100,17.45,light rain
388,Ponta Do Sol,PT,32.6667,-17.1,68.72,70,92,6.93,overcast clouds
389,Aginskoye,RU,51.1,114.53,8.08,66,3,7.47,clear sky
390,Darnah,LY,32.767,22.6367,63.25,62,99,19.53,overcast clouds
391,Americus,US,32.0724,-84.2327,54.55,45,0,15.48,clear sky
392,Rafai,CF,4.95,23.9167,65.53,65,41,1.88,scattered clouds
393,Kahului,US,20.8947,-156.47,79.86,79,75,23.02,broken clouds
394,Broome,US,42.2506,-75.833,30.85,70,1,1.99,clear sky
395,Los Llanos De Aridane,ES,28.6585,-17.9182,64.15,83,0,5.99,clear sky
396,Saint-Joseph,RE,-21.3667,55.6167,73.2,71,17,6.46,few clouds
397,Luncavita,RO,45.2833,28.2667,43.25,79,100,3.47,overcast clouds
398,Iquique,CL,-20.2208,-70.1431,62.64,69,98,1.68,overcast clouds
399,San Rafael,AR,-34.6177,-68.3301,71.11,27,0,5.73,clear sky
400,Komsomolskiy,UZ,40.4272,71.7189,35.02,55,3,4.61,haze
401,Ketchikan,US,55.3422,-131.6461,42.78,93,90,3.44,light rain
402,Soyo,AO,-6.1349,12.3689,78.06,86,100,2.46,overcast clouds
403,Columbus,US,39.9612,-82.9988,31.15,77,1,6.91,clear sky
404,Farafangana,MG,-22.8167,47.8333,73.38,87,68,7.87,broken clouds
405,Tyazhinskiy,RU,56.116,88.524,26.82,81,96,14.56,overcast clouds
406,Tateyama,JP,34.9833,139.8667,63.1,66,58,3.78,broken clouds
407,Fare,PF,-16.7,-151.0167,81.01,74,100,9.48,overcast clouds
408,Bandar,ID,2.05,99.75,87.48,58,97,1.16,overcast clouds
409,Pisco,PE,-13.7,-76.2167,66.25,82,90,12.66,overcast clouds
410,Port-Cartier,CA,50.0334,-66.8654,37.62,69,100,12.19,overcast clouds
411,Sao Jose Da Coroa Grande,BR,-8.8978,-35.1478,77.99,77,65,7.05,broken clouds
412,Baft,IR,29.234,56.6057,49.68,58,1,4.85,clear sky
413,Devils Lake,US,48.1128,-98.8651,28.38,86,1,9.22,clear sky
414,New Ulm,US,44.3125,-94.4605,28.92,66,1,6.91,clear sky
415,Rawah,IQ,34.4816,41.9093,58.03,62,6,5.59,clear sky
416,Tuy Hoa,VN,13.0833,109.3,75.09,92,100,13.11,overcast clouds
417,Radford,US,37.1318,-80.5764,37.56,55,1,10.36,clear sky
418,Kaduy,RU,59.2,37.15,15.69,96,56,5.41,broken clouds
419,Aberystwyth,GB,52.4155,-4.0829,34.66,80,29,3.69,scattered clouds
420,Kasama,ZM,-10.2129,31.1808,67.8,77,95,2.75,overcast clouds
421,Huejuquilla El Alto,MX,22.6,-103.8667,62.91,40,82,7.02,broken clouds
422,Sai Buri,TH,6.7013,101.6168,82.11,79,100,6.15,overcast clouds
423,Hervey Bay,AU,-25.2986,152.8535,82.04,74,84,8.77,light rain
424,Touros,BR,-5.1989,-35.4608,79.7,78,94,11.99,overcast clouds
425,Byron Bay,AU,-28.65,153.6167,78.91,71,33,9.55,scattered clouds
426,Altea,ES,38.5989,-0.0514,61.05,84,3,5.01,clear sky
427,Buraydah,SA,26.326,43.975,59.45,77,3,9.26,clear sky
428,Kungurtug,RU,50.5994,97.5228,13.39,71,100,0.98,overcast clouds
429,Huaicheng,CN,23.9051,112.1931,55.02,57,100,3.53,overcast clouds
430,Kailua,US,21.4022,-157.7394,82.38,71,90,11.5,overcast clouds
431,La Paz,BO,-16.5,-68.15,51.78,61,75,10.36,broken clouds
432,Wewak,PG,-3.5534,143.6268,83.14,79,50,5.93,scattered clouds
433,Peterhead,GB,57.5058,-1.7981,44.11,84,100,13.78,overcast clouds
434,Vilyuysk,RU,63.7553,121.6247,-18.81,97,100,2.59,overcast clouds
435,Nome,US,64.5011,-165.4064,3.27,60,1,9.22,clear sky
436,Illapel,CL,-31.6308,-71.1653,67.08,61,11,2.53,few clouds
437,Barabash,RU,43.2,131.4833,20.88,50,100,13.62,overcast clouds
438,Chifeng,CN,42.2683,118.9636,25.63,31,7,7.31,clear sky
439,Arusha,TZ,-3.3667,36.6833,60.85,89,25,3.33,scattered clouds
440,San Roque,ES,36.2107,-5.3842,56.23,62,75,17.27,broken clouds
441,Arawa,PG,-6.2132,155.5367,84.04,74,92,4.52,light rain
442,Chicama,PE,-7.8447,-79.1469,61.34,80,79,5.14,broken clouds
443,Aplahoue,BJ,6.9333,1.6833,74.97,92,9,2.04,light rain
444,Plettenberg Bay,ZA,-34.0527,23.3716,60.75,79,99,7.43,light rain
445,Lerwick,GB,60.1545,-1.1494,48.2,79,100,21.21,overcast clouds
446,Cam Ranh,VN,11.9214,109.1591,75.16,88,75,21.85,light rain
447,Iisalmi,FI,63.5592,27.1907,26.62,98,99,0.76,light snow
448,Tanga,TZ,-5.0667,39.1,75.87,85,97,1.77,overcast clouds
449,San Juan De Uraba,CO,8.7592,-76.5297,78.44,85,100,4.81,overcast clouds
450,Karratha,AU,-20.7377,116.8463,89.6,44,85,7.14,overcast clouds
451,Gambela,ET,8.25,34.5833,72.86,57,100,3.94,overcast clouds
452,Astana,KZ,51.1801,71.446,33.75,86,75,22.37,broken clouds
453,Mayumba,GA,-3.432,10.6554,76.6,90,100,6.82,moderate rain
454,Yumen,CN,40.2833,97.2,30.94,31,4,25.93,clear sky
455,Bilibino,RU,68.0546,166.4372,-21.62,90,4,3.62,clear sky
456,Muravlenko,RU,63.7898,74.523,14.54,95,100,9.78,overcast clouds
457,Mangrol,IN,21.1167,70.1167,80.44,76,50,5.84,scattered clouds
458,Mount Gambier,AU,-37.8333,140.7667,75.11,50,75,14.97,light rain
459,Puerto Carreno,CO,6.189,-67.4859,78.37,79,99,3.6,overcast clouds
460,Tacuati,PY,-23.45,-56.5833,73.99,55,33,3.02,scattered clouds
461,Anadyr,RU,64.75,177.4833,-12.5,84,0,8.95,clear sky
462,Kavaratti,IN,10.5669,72.642,81.14,76,78,7.49,broken clouds
463,Goderich,CA,43.7501,-81.7165,36.91,60,100,19.57,light rain
464,Emborion,GR,40.4833,21.55,46.0,95,100,2.33,overcast clouds
465,Myra,IT,45.4358,12.1348,52.88,77,0,6.91,clear sky
466,Vangaindrano,MG,-23.35,47.6,72.48,91,53,6.11,broken clouds
467,Talavera De La Reina,ES,39.9635,-4.8308,41.58,89,100,1.72,overcast clouds
468,Kushmurun,KZ,52.4503,64.6311,26.19,92,57,16.73,broken clouds
469,Ozernovskiy,RU,51.5,156.5167,39.27,67,100,5.46,overcast clouds
470,Pangani,TZ,-5.4333,38.9667,73.85,87,95,4.32,overcast clouds
471,Itarema,BR,-2.9248,-39.9167,80.29,81,100,14.67,overcast clouds
472,Aksu,CN,41.1231,80.2644,31.48,47,1,2.17,clear sky
473,Maniwaki,CA,46.3834,-75.966,28.94,58,54,8.05,broken clouds
474,Maracacume,BR,-2.0428,-45.9592,74.52,88,78,2.73,broken clouds
475,Toba,JP,34.4833,136.85,55.4,51,2,26.84,clear sky
476,Niamey,NE,13.5137,2.1098,77.29,23,0,2.3,clear sky
477,Antalaha,MG,-14.9003,50.2788,75.34,77,96,3.2,light rain
478,Chapais,CA,49.7834,-74.8492,13.78,89,100,11.43,overcast clouds
479,Blind River,CA,46.1834,-82.9582,30.31,78,46,11.63,scattered clouds
480,Ust-Maya,RU,60.4167,134.5333,-15.23,88,100,2.66,overcast clouds
481,Caluquembe,AO,-13.7833,14.6833,58.44,91,93,1.88,overcast clouds
482,Whitehorse,CA,60.7161,-135.0538,5.77,84,90,2.3,light snow
483,Haines Junction,CA,60.7522,-137.5108,3.15,66,100,5.75,overcast clouds
484,Buta,CD,2.7858,24.73,67.37,96,73,0.51,broken clouds
485,Kjollefjord,NO,70.9457,27.3465,23.07,64,100,8.37,overcast clouds
486,Santa Lucia,ES,27.9117,-15.5407,58.32,77,20,3.44,few clouds
487,Newport,GB,51.5877,-2.9984,39.38,90,11,6.6,few clouds
488,Verkhniy Avzyan,RU,53.5289,57.5372,18.5,91,100,11.25,overcast clouds
489,Riachao Do Dantas,BR,-11.0689,-37.725,71.69,98,52,3.98,light rain
490,Cayenne,GF,4.9333,-52.3333,81.09,84,75,1.01,broken clouds
491,Onverwacht,SR,5.5833,-55.1833,77.0,94,20,4.61,few clouds
492,Sheridan,US,44.8333,-106.9173,50.31,31,41,4.45,scattered clouds
493,Oranjemund,NA,-28.55,16.4333,63.43,79,100,8.48,overcast clouds
494,Boguchany,RU,58.3814,97.4531,27.66,87,100,8.66,overcast clouds
495,Luanda,AO,-8.8368,13.2343,77.52,82,100,4.27,overcast clouds
496,Cap Malheureux,MU,-19.9842,57.6142,72.46,74,1,5.01,clear sky
497,Kichera,RU,55.9375,110.0997,5.23,78,25,4.85,scattered clouds
498,Waddan,LY,29.1614,16.139,65.17,40,84,4.32,broken clouds
499,Encruzilhada Do Sul,BR,-30.5439,-52.5219,70.09,57,46,2.73,scattered clouds
500,Grand-Lahou,CI,5.1367,-5.0242,78.21,85,22,4.03,few clouds
501,Flin Flon,CA,54.7682,-101.865,16.77,94,100,10.74,light snow
502,Upata,VE,8.0086,-62.3989,74.19,98,98,2.86,overcast clouds
503,Japura,ID,-0.3167,102.35,88.63,59,100,2.26,overcast clouds
504,Berlevag,NO,70.8578,29.0864,25.09,54,100,3.31,overcast clouds
505,Klaksvik,FO,62.2266,-6.589,47.32,79,100,30.22,overcast clouds
506,Zelenyy Bor,RU,53.6667,91.6667,28.42,72,99,4.54,overcast clouds
507,Oranjestad,AW,12.524,-70.027,80.55,83,20,11.5,few clouds
508,Balkhash,KZ,46.844,74.9804,34.41,75,20,13.42,few clouds
509,Ambon,ID,-3.6954,128.1814,87.94,62,40,6.91,scattered clouds
510,Rakiv Lis,UA,51.6217,24.9243,33.06,94,88,5.68,overcast clouds
511,Cravo Norte,CO,6.3017,-70.2041,77.9,78,22,3.91,few clouds
512,Praia Da Vitoria,PT,38.7333,-27.0667,64.65,94,75,17.2,broken clouds
513,Xuddur,SO,4.1213,43.8894,68.7,93,26,12.41,scattered clouds
514,The Valley,AI,18.217,-63.0578,80.1,71,100,14.0,overcast clouds
515,Luancheng,CN,37.8792,114.6517,39.36,19,0,3.58,clear sky
516,Ziyang,CN,29.2497,117.8547,51.51,38,10,1.39,clear sky
517,Muli,MV,2.9167,73.5667,81.82,74,100,20.0,overcast clouds
518,Gigmoto,PH,13.7796,124.39,83.14,79,61,8.32,broken clouds
519,Angoche,MZ,-16.2325,39.9086,74.98,88,43,5.37,scattered clouds
520,Rantepao,ID,-2.9701,119.8978,84.07,57,17,3.09,few clouds
521,Chumikan,RU,54.7183,135.315,25.27,81,100,37.4,light snow
522,San-Pedro,CI,4.7485,-6.6363,76.96,85,6,1.14,clear sky
523,Kaoma,ZM,-14.7833,24.8,65.39,97,100,3.8,light rain
524,Corinto,GR,37.9407,22.9573,66.45,89,100,3.58,overcast clouds
525,Envira,BR,-7.3,-70.2167,72.01,98,100,2.86,moderate rain
526,Altamira,BR,-3.2033,-52.2064,73.51,92,13,0.58,few clouds
527,Muzaffarpur,IN,26.1167,85.4,58.93,41,0,3.31,clear sky
528,Auki,SB,-8.7676,160.7034,81.55,77,99,3.62,overcast clouds
529,Kutum,SD,14.2,24.6667,58.24,40,3,6.91,clear sky
530,Andenne,BE,50.4894,5.0951,34.27,87,4,4.25,clear sky
531,Port Hardy,CA,50.6996,-127.4199,44.6,100,90,3.44,light rain
532,Rawson,AR,-43.3002,-65.1023,51.17,55,93,11.9,overcast clouds
533,Sunyani,GH,7.3399,-2.3268,70.83,79,70,2.68,broken clouds
534,Hernani,ES,43.2662,-1.9762,48.18,81,75,1.01,broken clouds
535,Honiara,SB,-9.4333,159.95,87.28,65,44,9.8,scattered clouds
536,Numan,NG,9.4667,12.0333,75.78,31,14,2.59,few clouds
537,Lorengau,PG,-2.0226,147.2712,80.6,82,100,10.49,overcast clouds
538,Lensk,RU,60.7253,114.9278,-8.05,93,8,2.95,clear sky
539,Te Anau,NZ,-45.4167,167.7167,63.09,45,9,4.25,clear sky
540,Necochea,AR,-38.5473,-58.7368,55.04,67,2,14.41,clear sky
541,Adre,TD,13.4667,22.2,66.69,29,50,15.28,scattered clouds
542,Jawhar,SO,2.7809,45.5005,73.44,86,44,5.57,scattered clouds
543,Angoram,PG,-4.0625,144.0661,84.63,83,55,3.27,broken clouds
544,Chabahar,IR,25.2919,60.643,74.82,48,0,4.21,clear sky
545,Saqqez,IR,36.2499,46.2735,38.64,90,0,2.62,clear sky
546,Mananjary,MG,-21.2167,48.3333,73.11,85,40,6.11,scattered clouds
547,Macau,MO,22.2006,113.5461,61.93,67,40,21.85,scattered clouds
548,Borogontsy,RU,62.6683,131.1683,-16.35,90,100,2.82,overcast clouds
549,Pozhva,RU,59.0912,56.0847,20.61,88,97,10.04,overcast clouds
550,Saint Anthony,US,45.0205,-93.218,30.65,53,90,1.01,overcast clouds
551,Sun Valley,US,39.5963,-119.776,47.93,47,1,3.44,clear sky
552,Sangin,AF,32.0728,64.8359,52.21,25,1,1.05,clear sky
553,Yurginskoye,RU,56.8189,67.3921,17.64,92,83,11.05,broken clouds
554,Isla Vista,US,34.4133,-119.861,74.35,28,1,4.61,clear sky
555,Ambilobe,MG,-13.2,49.05,74.73,81,75,3.42,broken clouds
556,Grants Pass,US,42.439,-123.3284,44.29,100,90,0.0,fog
557,Naryan-Mar,RU,67.6713,53.087,13.96,97,92,7.58,overcast clouds
558,Husavik,IS,66.0449,-17.3389,40.91,78,17,9.44,few clouds
559,Bosaso,SO,11.2842,49.1816,74.61,78,100,1.59,overcast clouds
560,Amarpatan,IN,24.3167,80.9833,70.05,27,0,3.42,clear sky
561,San Quintin,MX,30.4833,-115.95,65.62,64,97,5.3,overcast clouds
562,Kokuy,RU,52.2037,117.5529,1.04,82,16,3.67,few clouds
563,Swan River,CA,52.1058,-101.2676,15.69,86,100,3.44,overcast clouds
564,Ayr,GB,55.4627,-4.6339,46.38,93,75,4.61,broken clouds
565,Codrington,AU,-38.2667,141.9667,75.7,50,100,14.79,overcast clouds
566,Turkistan,KZ,43.0,68.0,38.19,71,7,7.54,clear sky
567,Atasu,KZ,48.6814,71.6433,31.08,95,100,22.5,light snow
568,Seymchan,RU,62.8833,152.4333,-20.69,96,100,1.41,overcast clouds
569,La Belleza,CO,5.8637,-73.9617,51.17,98,97,3.47,overcast clouds
570,Astoria,US,46.1879,-123.8313,49.86,98,90,3.0,overcast clouds
571,Juneau,US,58.3019,-134.4197,35.6,95,90,6.91,mist
572,Hornostayivka,UA,47.0078,33.729,43.81,75,100,13.38,overcast clouds
573,Zonguldak,TR,41.25,31.8333,44.01,65,67,5.19,broken clouds
574,Gushikawa,JP,26.3544,127.8686,67.23,63,90,10.36,overcast clouds
575,Vanavara,RU,60.34,102.2797,14.43,94,100,8.12,light snow
576,Great Falls,US,47.5002,-111.3008,52.41,17,1,13.8,clear sky
577,Kedrovyy,RU,56.1667,91.8167,30.61,79,58,11.56,broken clouds
578,Kampong Thum,KH,12.7111,104.8887,82.09,67,78,11.83,broken clouds
579,Emba,KZ,48.8264,58.1442,36.88,98,100,11.52,overcast clouds
580,Adrar,MR,20.5022,-10.0711,74.41,44,100,9.26,overcast clouds
581,Mercedes,AR,-34.6515,-59.4307,68.85,34,75,16.26,broken clouds
582,Altay,CN,47.8667,88.1167,20.64,73,54,5.08,broken clouds
583,Gweta,BW,-20.1833,25.2333,70.99,66,100,5.35,overcast clouds
584,Santa Rosa,PH,14.3122,121.1114,88.09,66,77,13.94,broken clouds
585,Miandrivazo,MG,-19.5167,45.4667,79.32,82,99,1.43,light rain
586,Baishishan,CN,43.5833,127.5667,13.01,83,100,16.08,light snow
587,Fernley,US,39.608,-119.2518,48.02,43,0,2.62,clear sky
588,Santa Maria Del Oro,MX,25.9333,-105.3667,53.26,77,88,3.27,overcast clouds
589,Ankazoabo,MG,-22.2833,44.5167,74.12,78,36,3.42,scattered clouds
590,Nishihara,JP,26.1842,127.7558,67.28,60,75,19.57,broken clouds
591,Manicore,BR,-5.8092,-61.3003,74.12,98,100,2.33,overcast clouds
592,Kribi,CM,2.95,9.9167,77.25,89,53,3.15,broken clouds
593,Eyl,SO,7.9803,49.8164,74.28,75,80,6.96,broken clouds
594,Sarakhs,IR,36.5449,61.1577,55.06,51,97,6.89,overcast clouds
595,Vicksburg,US,32.3526,-90.8779,48.7,82,1,0.0,clear sky
596,Uong Bi,VN,21.0333,106.7833,64.38,52,88,5.01,overcast clouds
597,Balakhta,RU,55.38,91.6,26.17,75,57,11.27,broken clouds
598,Yola,NG,9.2,12.4833,76.33,31,4,1.52,clear sky
599,Druzhba,UA,52.0428,33.9453,26.92,74,100,4.9,overcast clouds
600,Fort-Shevchenko,KZ,44.5086,50.263,47.97,89,0,2.53,clear sky
601,Akyab,MM,20.15,92.9,78.8,65,13,5.93,few clouds
602,Jiayuguan,CN,39.8167,98.3,30.58,28,1,3.04,clear sky
603,Bakchar,RU,57.0186,82.0711,28.56,91,100,11.54,overcast clouds
604,Adeje,ES,28.1227,-16.726,70.97,84,20,6.91,few clouds
605,Mafeteng,LS,-29.823,27.2374,51.01,94,18,5.64,moderate rain
606,Atyrau,KZ,47.1167,51.8833,44.62,87,75,8.95,mist
607,Teknaf,BD,20.8624,92.3058,78.85,49,15,2.95,few clouds
608,Laguna,US,38.421,-121.4238,59.25,86,1,0.0,clear sky
609,Jenison,US,42.9072,-85.792,33.89,66,6,1.01,clear sky
610,Hovd,MN,48.0056,91.6419,25.74,32,66,6.33,broken clouds
611,Port Macquarie,AU,-31.4333,152.9167,75.88,78,66,5.77,broken clouds
612,Horta,PT,38.5333,-28.6333,64.72,86,28,16.69,scattered clouds
613,Emerald,AU,-23.5333,148.1667,80.74,57,96,11.5,overcast clouds
614,Abu Zabad,SD,12.35,29.25,66.2,28,30,11.68,scattered clouds
615,Malatya,TR,38.5,38.0,26.65,93,5,5.75,clear sky
616,Dali,CN,25.7,100.1833,56.91,67,37,0.76,scattered clouds
617,Troitsko-Pechorsk,RU,62.7084,56.1964,10.33,92,100,8.28,overcast clouds
618,Menongue,AO,-14.6585,17.691,60.3,79,100,3.69,overcast clouds
619,Maldonado,UY,-34.6667,-54.9167,63.79,69,37,16.35,scattered clouds
620,Zeya,RU,53.75,127.2667,18.55,62,100,15.93,overcast clouds
621,Portlethen,GB,57.0547,-2.1307,44.78,88,100,3.44,overcast clouds
622,Pudozh,RU,61.8099,36.5345,8.4,97,41,0.54,scattered clouds
623,Burewala,PK,30.1667,72.65,66.65,16,0,1.99,clear sky
624,Narragansett,US,41.4501,-71.4495,42.87,57,90,10.0,overcast clouds
625,Melhus,NO,63.2855,10.2781,40.68,90,100,7.78,light rain
626,Alyangula,AU,-13.8483,136.4192,91.27,52,76,8.05,broken clouds
627,Konin,PL,52.2234,18.2512,33.06,88,7,9.64,clear sky
628,Great Yarmouth,GB,52.6083,1.7305,43.21,83,99,9.8,overcast clouds
629,Carmaux,FR,44.051,2.158,42.69,84,39,4.45,scattered clouds
630,Esik,KZ,43.3552,77.4525,26.02,55,61,5.61,broken clouds
631,Pangkalanbuun,ID,-2.6833,111.6167,88.97,63,87,2.66,overcast clouds
632,Christchurch,NZ,-43.5333,172.6333,61.92,70,75,4.0,broken clouds
633,Vilanova Del Cami,ES,41.5717,1.6375,52.52,91,100,4.43,overcast clouds
634,Anshun,CN,26.25,105.9333,39.02,91,100,6.89,overcast clouds
635,Sika,GM,13.3546,-16.345,77.14,88,100,6.29,overcast clouds
636,Koumac,NC,-20.5667,164.2833,82.51,64,100,5.26,overcast clouds
637,Yeppoon,AU,-23.1333,150.7333,78.58,70,47,14.41,scattered clouds
638,Takoradi,GH,4.8845,-1.7554,78.93,82,24,2.35,few clouds
639,Durban,ZA,-29.8579,31.0292,69.03,89,100,1.99,light rain
640,Mhlume,SZ,-26.0333,31.85,68.86,98,100,0.65,light rain
641,Obukhiv,UA,50.11,30.6227,33.49,67,100,4.76,overcast clouds
642,Natal,BR,-5.795,-35.2094,80.82,83,40,8.05,scattered clouds
643,Vostok,RU,46.4856,135.8833,10.67,90,100,14.32,light snow
644,Gien,FR,47.6933,2.6309,35.42,96,6,14.38,clear sky
645,Saint-Denis,FR,48.9167,2.3333,37.94,85,0,5.01,clear sky
646,Taltal,CL,-25.4,-70.4833,59.79,83,88,0.74,overcast clouds
647,Talakan,RU,50.3167,130.3667,25.7,95,100,10.38,light snow
648,Egvekinot,RU,66.3167,-179.1667,-5.62,72,8,10.22,clear sky
649,Mucurapo,TT,10.6667,-61.5333,79.25,83,59,5.99,broken clouds
650,Baruun-Urt,MN,46.6806,113.2792,11.08,64,1,4.29,clear sky
651,Pauini,BR,-7.7136,-66.9764,72.61,99,100,2.62,overcast clouds
652,Dengzhou,CN,37.8086,120.7508,43.41,44,18,22.35,few clouds
653,Maraa,BR,-1.8333,-65.3667,74.05,97,98,1.52,moderate rain
654,Fuling,CN,29.7022,107.3919,54.12,74,100,2.46,overcast clouds
655,Skibbereen,IE,51.55,-9.2667,37.2,75,3,4.32,clear sky
656,Arkhara,RU,49.4212,130.0842,22.57,95,100,14.63,light snow
657,Sao Joao Del Rei,BR,-21.1356,-44.2617,61.93,97,55,5.68,broken clouds
658,Diphu,IN,25.8333,93.4333,68.47,74,39,2.06,scattered clouds
659,Tecoanapa,MX,16.5167,-98.75,79.39,79,0,4.74,clear sky
660,Dharmabad,IN,18.9,77.85,76.57,81,98,5.19,overcast clouds
661,Constantine,DZ,36.365,6.6147,44.01,87,40,2.3,scattered clouds
662,Kamaishi,JP,39.2667,141.8833,45.55,74,71,6.44,broken clouds
663,Galesong,ID,-5.3166,119.3661,89.62,69,4,4.47,clear sky
664,Grindavik,IS,63.8424,-22.4338,39.67,81,75,13.8,broken clouds
665,Brae,GB,60.3964,-1.353,48.11,79,100,21.45,overcast clouds
666,Bairiki,KI,1.3292,172.9752,82.4,74,75,6.91,broken clouds
667,Umba,RU,66.6871,34.3429,20.89,72,17,12.73,few clouds
668,Abu Dhabi,AE,24.4667,54.3667,74.97,84,0,1.14,clear sky
669,Ruteng,ID,-8.6136,120.4721,77.2,57,24,0.49,few clouds
670,Miri,MY,4.4148,114.0089,82.54,83,40,4.61,scattered clouds
671,Tamasane,BW,-22.4184,27.4013,65.68,87,92,2.19,overcast clouds
672,Nizhnevartovsk,RU,60.9344,76.5531,23.02,93,90,13.42,light snow
673,Kasongo-Lunda,CD,-6.4667,16.8167,68.31,97,100,1.23,overcast clouds
674,Beibei,CN,29.8256,106.4339,56.25,68,100,2.04,overcast clouds
675,Bambanglipuro,ID,-7.95,110.2833,69.6,85,100,3.83,moderate rain
676,Gari,RU,59.4307,62.3497,21.38,87,100,9.51,overcast clouds
677,Dillon,US,34.4166,-79.3712,50.67,54,65,14.27,broken clouds
678,Arendonk,BE,51.3227,5.0829,40.73,84,68,2.51,broken clouds
